{
  "test_date": "2025-10-11T02:38:14Z",
  "n_subjects": 21,
  "results": [
    {
      "subject_id": "S1_01",
      "gt_cadence_left": 115.403,
      "gt_cadence_right": 114.802,
      "gt_cadence_avg": 115.1025,
      "strikes_left": 46,
      "strikes_right": 50,
      "cadence_ransac_left": 102.85714285714285,
      "cadence_ransac_right": 110.76923076923076,
      "cadence_ransac_avg": 106.8131868131868,
      "cadence_percentile_left": 87.80487804878048,
      "cadence_percentile_right": 97.29729729729729,
      "cadence_percentile_avg": 92.5510876730389,
      "ransac_error": -8.289313186813203,
      "percentile_error": -22.551412326961113,
      "detector": "template_v5"
    },
    {
      "subject_id": "S1_10",
      "gt_cadence_left": 118.078,
      "gt_cadence_right": 116.988,
      "gt_cadence_avg": 117.533,
      "strikes_left": 40,
      "strikes_right": 36,
      "cadence_ransac_left": 107.46268656716417,
      "cadence_ransac_right": 105.88235294117648,
      "cadence_ransac_avg": 106.67251975417032,
      "cadence_percentile_left": 94.24083769633509,
      "cadence_percentile_right": 94.73684210526316,
      "cadence_percentile_avg": 94.48883990079912,
      "ransac_error": -10.860480245829677,
      "percentile_error": -23.04416009920088,
      "detector": "template_v5"
    },
    {
      "subject_id": "S1_11",
      "gt_cadence_left": 112.023,
      "gt_cadence_right": 112.496,
      "gt_cadence_avg": 112.2595,
      "strikes_left": 52,
      "strikes_right": 40,
      "cadence_ransac_left": 112.5,
      "cadence_ransac_right": 97.29729729729729,
      "cadence_ransac_avg": 104.89864864864865,
      "cadence_percentile_left": 102.85714285714285,
      "cadence_percentile_right": 90.0,
      "cadence_percentile_avg": 96.42857142857142,
      "ransac_error": -7.360851351351357,
      "percentile_error": -15.830928571428586,
      "detector": "template_v5"
    },
    {
      "subject_id": "S1_13",
      "gt_cadence_left": 123.952,
      "gt_cadence_right": 123.862,
      "gt_cadence_avg": 123.907,
      "strikes_left": 40,
      "strikes_right": 42,
      "cadence_ransac_left": 120.0,
      "cadence_ransac_right": 125.21739130434783,
      "cadence_ransac_avg": 122.6086956521739,
      "cadence_percentile_left": 107.06319702602231,
      "cadence_percentile_right": 108.67924528301889,
      "cadence_percentile_avg": 107.8712211545206,
      "ransac_error": -1.2983043478260896,
      "percentile_error": -16.0357788454794,
      "detector": "template_v5"
    },
    {
      "subject_id": "S1_14",
      "gt_cadence_left": 112.48,
      "gt_cadence_right": 112.727,
      "gt_cadence_avg": 112.6035,
      "strikes_left": 38,
      "strikes_right": 35,
      "cadence_ransac_left": 110.76923076923077,
      "cadence_ransac_right": 106.66666666666667,
      "cadence_ransac_avg": 108.71794871794873,
      "cadence_percentile_left": 106.66666666666667,
      "cadence_percentile_right": 102.85714285714285,
      "cadence_percentile_avg": 104.76190476190476,
      "ransac_error": -3.885551282051267,
      "percentile_error": -7.841595238095238,
      "detector": "template_v5"
    },
    {
      "subject_id": "S1_15",
      "gt_cadence_left": 125.014,
      "gt_cadence_right": 124.341,
      "gt_cadence_avg": 124.6775,
      "strikes_left": 44,
      "strikes_right": 44,
      "cadence_ransac_left": 110.4,
      "cadence_ransac_right": 110.4,
      "cadence_ransac_avg": 110.4,
      "cadence_percentile_left": 102.22222222222221,
      "cadence_percentile_right": 99.28057553956835,
      "cadence_percentile_avg": 100.75139888089528,
      "ransac_error": -14.27749999999999,
      "percentile_error": -23.926101119104715,
      "detector": "template_v5"
    },
    {
      "subject_id": "S1_16",
      "gt_cadence_left": 110.357,
      "gt_cadence_right": 111.967,
      "gt_cadence_avg": 111.162,
      "strikes_left": 53,
      "strikes_right": 49,
      "cadence_ransac_left": 106.15384615384616,
      "cadence_ransac_right": 106.15384615384616,
      "cadence_ransac_avg": 106.15384615384616,
      "cadence_percentile_left": 98.57142857142857,
      "cadence_percentile_right": 92.0,
      "cadence_percentile_avg": 95.28571428571428,
      "ransac_error": -5.008153846153846,
      "percentile_error": -15.876285714285729,
      "detector": "template_v5"
    },
    {
      "subject_id": "S1_17",
      "gt_cadence_left": 110.357,
      "gt_cadence_right": 111.967,
      "gt_cadence_avg": 111.162,
      "strikes_left": 41,
      "strikes_right": 40,
      "cadence_ransac_left": 102.22222222222221,
      "cadence_ransac_right": 106.15384615384616,
      "cadence_ransac_avg": 104.18803418803418,
      "cadence_percentile_left": 91.69435215946844,
      "cadence_percentile_right": 98.57142857142857,
      "cadence_percentile_avg": 95.1328903654485,
      "ransac_error": -6.973965811965826,
      "percentile_error": -16.029109634551503,
      "detector": "template_v5"
    },
    {
      "subject_id": "S1_18",
      "gt_cadence_left": 119.379,
      "gt_cadence_right": 118.247,
      "gt_cadence_avg": 118.813,
      "strikes_left": 38,
      "strikes_right": 40,
      "cadence_ransac_left": 105.45454545454545,
      "cadence_ransac_right": 108.75,
      "cadence_ransac_avg": 107.10227272727272,
      "cadence_percentile_left": 96.66666666666666,
      "cadence_percentile_right": 107.4074074074074,
      "cadence_percentile_avg": 102.03703703703704,
      "ransac_error": -11.710727272727283,
      "percentile_error": -16.775962962962964,
      "detector": "template_v5"
    },
    {
      "subject_id": "S1_02",
      "gt_cadence_left": 113.666,
      "gt_cadence_right": 113.198,
      "gt_cadence_avg": 113.43199999999999,
      "strikes_left": 33,
      "strikes_right": 49,
      "cadence_ransac_left": 97.29729729729729,
      "cadence_ransac_right": 175.60975609756096,
      "cadence_ransac_avg": 136.45352669742914,
      "cadence_percentile_left": 92.3076923076923,
      "cadence_percentile_right": 160.71428571428572,
      "cadence_percentile_avg": 126.51098901098902,
      "ransac_error": 23.021526697429152,
      "percentile_error": 13.078989010989034,
      "detector": "template_v5"
    },
    {
      "subject_id": "S1_23",
      "gt_cadence_left": 107.403,
      "gt_cadence_right": 108.137,
      "gt_cadence_avg": 107.77000000000001,
      "strikes_left": 37,
      "strikes_right": 40,
      "cadence_ransac_left": 102.85714285714285,
      "cadence_ransac_right": 102.85714285714285,
      "cadence_ransac_avg": 102.85714285714285,
      "cadence_percentile_left": 99.3103448275862,
      "cadence_percentile_right": 94.42622950819671,
      "cadence_percentile_avg": 96.86828716789145,
      "ransac_error": -4.912857142857163,
      "percentile_error": -10.901712832108558,
      "detector": "template_v5"
    },
    {
      "subject_id": "S1_24",
      "gt_cadence_left": 112.703,
      "gt_cadence_right": 112.529,
      "gt_cadence_avg": 112.616,
      "strikes_left": 36,
      "strikes_right": 39,
      "cadence_ransac_left": 102.22222222222221,
      "cadence_ransac_right": 102.22222222222221,
      "cadence_ransac_avg": 102.22222222222221,
      "cadence_percentile_left": 92.0,
      "cadence_percentile_right": 96.84210526315788,
      "cadence_percentile_avg": 94.42105263157893,
      "ransac_error": -10.393777777777785,
      "percentile_error": -18.19494736842107,
      "detector": "template_v5"
    },
    {
      "subject_id": "S1_25",
      "gt_cadence_left": 114.806,
      "gt_cadence_right": 114.797,
      "gt_cadence_avg": 114.8015,
      "strikes_left": 35,
      "strikes_right": 32,
      "cadence_ransac_left": 104.34782608695653,
      "cadence_ransac_right": 109.09090909090908,
      "cadence_ransac_avg": 106.71936758893281,
      "cadence_percentile_left": 90.45226130653266,
      "cadence_percentile_right": 102.85714285714285,
      "cadence_percentile_avg": 96.65470208183775,
      "ransac_error": -8.082132411067192,