{
  "version": "8.0",
  "algorithm": "Logistic Regression",
  "feature_names": [
    "cadence_3d",
    "step_height_variability",
    "gait_irregularity_3d",
    "velocity_3d",
    "jerkiness_3d",
    "cycle_duration_3d",
    "stride_length_3d",
    "trunk_sway",
    "path_length_3d",
    "step_width_3d"
  ],
  "scaler_mean": [
    268.2514929705218,
    0.03723415041775155,
    1.0170140480467034,
    1.3293163610282412,
    52.8114774504787,
    0.4529023473258445,
    0.0004087082949543939,
    0.04792900582061889,
    1.328063399669558,
    0.11219728622230016
  ],
  "scaler_scale": [
    69.8605368191303,
    0.014133192227431042,
    0.7663813861961009,
    0.850274154326628,
    39.76647562760402,
    0.1440712891627836,
    0.00017445888253449777,
    0.028986020795704608,
    0.8500302529939087,
    0.046270532405893315
  ],
  "coefficients": [
    1.168857417626249,
    -0.9419525810716234,
    -1.6286092971209984,
    -0.5236251720904469,
    -1.0202093176239413,
    0.904442400949152,
    -0.2250478876957438,
    0.6425905341881878,
    -0.5561933178991267,
    0.09801181378805046
  ],
  "intercept": -0.2583137507108676,
  "feature_importance": {
    "gait_irregularity_3d": -1.6286092971209984,
    "cadence_3d": 1.168857417626249,
    "jerkiness_3d": -1.0202093176239413,
    "step_height_variability": -0.9419525810716234,
    "cycle_duration_3d": 0.904442400949152,
    "trunk_sway": 0.6425905341881878,
    "path_length_3d": -0.5561933178991267,
    "velocity_3d": -0.5236251720904469,
    "stride_length_3d": -0.2250478876957438,
    "step_width_3d": 0.09801181378805046
  }
}