{
  "version": "9.0",
  "algorithm": "Multi-View Fusion (Early Fusion)",
  "feature_names": [
    "cadence_3d",
    "step_height_variability",
    "gait_irregularity_3d",
    "velocity_3d",
    "jerkiness_3d",
    "cycle_duration_3d",
    "stride_length_3d",
    "trunk_sway",
    "path_length_3d",
    "step_width_3d"
  ],
  "scaler_mean": [
    225.02578175988842,
    0.026542278111556485,
    0.8127493632982776,
    0.663108432496104,
    22.598275997845224,
    0.5393341701922331,
    0.0003313554206628436,
    0.04439375451089133,
    0.6609449779217399,
    0.14406836990290062,
    223.42445503549177,
    0.02654482513292141,
    0.8231529032239855,
    0.6602377199232448,
    22.460887639812483,
    0.5496905334004407,
    0.0003329333722440284,
    0.0443363115028172,
    0.6581210250627337,
    0.1440704009530438
  ],
  "scaler_scale": [
    49.331413990811654,
    0.012123862404331113,
    0.4224853825716056,
    0.30629140114861186,
    12.280873012620233,
    0.20022866693252417,
    0.0002856352132546793,
    0.04618825254214859,
    0.3060180616942549,
    0.052061964428451964,
    52.592657308660925,
    0.011697648012965252,
    0.413083068487333,
    0.3082537141793799,
    12.124984346704453,
    0.17676914896600437,
    0.00026948366337606425,
    0.046061125003682604,
    0.30798223476553893,
    0.05216189946129068
  ],
  "coefficients": [
    0.05709128575088075,
    0.07246688214544537,
    -0.9181036995325245,
    -0.12522724591995738,
    -0.1063043375314868,
    0.06979908451956092,
    0.06444682236105782,
    0.43040803896617197,
    -0.1286266211631024,
    0.32430836575009864,
    0.0963228316130188,
    0.04545309554615642,
    -0.8724021960186807,
    -0.12525168984198745,
    -0.12666799970967282,
    0.07979244966414027,
    0.07902790813034204,
    0.4123778211913811,
    -0.1285798091570112,
    0.3097011322190153
  ],
  "intercept": 1.3062839195787563
}