{
  "train_sizes": [
    23,
    47,
    70,
    94,
    118,
    141,
    165,
    188,
    212,
    236
  ],
  "train_scores_mean": [
    NaN,
    0.9276595744680851,
    0.9199999999999999,
    0.925531914893617,
    0.9186440677966102,
    0.9148936170212766,
    0.9284848484848485,
    0.9329787234042554,
    0.9,
    0.8915254237288135
  ],
  "train_scores_std": [
    NaN,
    0.05482595202861754,
    0.014568627181693666,
    0.01903036576595567,
    0.01571799744999272,
    0.01487672125064047,
    0.011751951169494122,
    0.0098655515909529,
    0.013139988940739738,
    0.010918727734512829
  ],
  "test_scores_mean": [
    NaN,
    0.7496045197740113,
    0.8748587570621469,
    0.857909604519774,
    0.8612994350282486,
    0.8782485875706214,
    0.8917514124293785,
    0.8850282485875706,
    0.8850282485875706,
    0.8884180790960453
  ],
  "test_scores_std": [
    NaN,
    0.07603638266249477,
    0.06503067826430826,
    0.04898992516551944,
    0.06032512166479079,
    0.04621386044868941,
    0.033492104876922696,
    0.03643520302234174,
    0.029459904688098736,
    0.029815310286912453
  ],
  "analysis": {
    "final_gap": 0.3,
    "improvement_50_to_100": 2.7,
    "final_cv_accuracy": 88.8
  }
}